-- MySQL dump 10.13  Distrib 8.0.40, for Win64 (x86_64)
--
-- Host: localhost    Database: appsalon_mvc
-- ------------------------------------------------------
-- Server version	8.0.40

/*!40101 SET @OLD_CHARACTER_SET_CLIENT=@@CHARACTER_SET_CLIENT */;
/*!40101 SET @OLD_CHARACTER_SET_RESULTS=@@CHARACTER_SET_RESULTS */;
/*!40101 SET @OLD_COLLATION_CONNECTION=@@COLLATION_CONNECTION */;
/*!50503 SET NAMES utf8 */;
/*!40103 SET @OLD_TIME_ZONE=@@TIME_ZONE */;
/*!40103 SET TIME_ZONE='+00:00' */;
/*!40014 SET @OLD_UNIQUE_CHECKS=@@UNIQUE_CHECKS, UNIQUE_CHECKS=0 */;
/*!40014 SET @OLD_FOREIGN_KEY_CHECKS=@@FOREIGN_KEY_CHECKS, FOREIGN_KEY_CHECKS=0 */;
/*!40101 SET @OLD_SQL_MODE=@@SQL_MODE, SQL_MODE='NO_AUTO_VALUE_ON_ZERO' */;
/*!40111 SET @OLD_SQL_NOTES=@@SQL_NOTES, SQL_NOTES=0 */;

--
-- Table structure for table `citas`
--

DROP TABLE IF EXISTS `citas`;
/*!40101 SET @saved_cs_client     = @@character_set_client */;
/*!50503 SET character_set_client = utf8mb4 */;
CREATE TABLE `citas` (
  `id` int NOT NULL AUTO_INCREMENT,
  `fecha` date DEFAULT NULL,
  `hora` time DEFAULT NULL,
  `usuarioId` int DEFAULT NULL,
  PRIMARY KEY (`id`),
  KEY `usuarioId_idx` (`usuarioId`),
  CONSTRAINT `usuarioId` FOREIGN KEY (`usuarioId`) REFERENCES `usuarios` (`id`) ON DELETE SET NULL ON UPDATE SET NULL
) ENGINE=InnoDB AUTO_INCREMENT=12 DEFAULT CHARSET=utf8mb3;
/*!40101 SET character_set_client = @saved_cs_client */;

--
-- Dumping data for table `citas`
--

LOCK TABLES `citas` WRITE;
/*!40000 ALTER TABLE `citas` DISABLE KEYS */;
INSERT INTO `citas` VALUES (9,'2025-07-29','12:27:00',7),(10,'2025-08-08','14:33:00',7),(11,'2025-10-27','10:20:00',7);
/*!40000 ALTER TABLE `citas` ENABLE KEYS */;
UNLOCK TABLES;

--
-- Table structure for table `citas_servicios`
--

DROP TABLE IF EXISTS `citas_servicios`;
/*!40101 SET @saved_cs_client     = @@character_set_client */;
/*!50503 SET character_set_client = utf8mb4 */;
CREATE TABLE `citas_servicios` (
  `id` int NOT NULL AUTO_INCREMENT,
  `citaId` int DEFAULT NULL,
  `servicioId` int DEFAULT NULL,
  PRIMARY KEY (`id`),
  KEY `citaId_idx` (`citaId`),
  KEY `servicioId_idx` (`servicioId`),
  CONSTRAINT `citaId` FOREIGN KEY (`citaId`) REFERENCES `citas` (`id`) ON DELETE SET NULL ON UPDATE SET NULL,
  CONSTRAINT `servicioId` FOREIGN KEY (`servicioId`) REFERENCES `servicios` (`id`) ON DELETE SET NULL ON UPDATE SET NULL
) ENGINE=InnoDB AUTO_INCREMENT=15 DEFAULT CHARSET=utf8mb3;
/*!40101 SET character_set_client = @saved_cs_client */;

--
-- Dumping data for table `citas_servicios`
--

LOCK TABLES `citas_servicios` WRITE;
/*!40000 ALTER TABLE `citas_servicios` DISABLE KEYS */;
INSERT INTO `citas_servicios` VALUES (4,NULL,1),(5,NULL,2),(6,9,1),(7,9,2),(8,9,3),(9,9,4),(10,9,8),(11,9,7),(12,10,1),(13,10,2),(14,11,5);
/*!40000 ALTER TABLE `citas_servicios` ENABLE KEYS */;
UNLOCK TABLES;

--
-- Table structure for table `servicios`
--

DROP TABLE IF EXISTS `servicios`;
/*!40101 SET @saved_cs_client     = @@character_set_client */;
/*!50503 SET character_set_client = utf8mb4 */;
CREATE TABLE `servicios` (
  `id` int NOT NULL AUTO_INCREMENT,
  `nombre` varchar(60) DEFAULT NULL,
  `precio` decimal(5,2) DEFAULT NULL,
  PRIMARY KEY (`id`)
) ENGINE=InnoDB AUTO_INCREMENT=12 DEFAULT CHARSET=utf8mb3;
/*!40101 SET character_set_client = @saved_cs_client */;

--
-- Dumping data for table `servicios`
--

LOCK TABLES `servicios` WRITE;
/*!40000 ALTER TABLE `servicios` DISABLE KEYS */;
INSERT INTO `servicios` VALUES (1,'Corte de Cabello Mujer',120.00),(2,'Corte de Cabello Hombre',80.00),(3,'Corte de Cabello Ni単o',60.00),(4,'Peinado Mujer',80.00),(5,'Peinado Hombre',60.00),(6,'Peinado Ni単o',60.00),(7,'Tinte Mujer',300.00),(8,'U単as',400.00),(9,'Lavado de Cabello',150.00),(10,'Tratamiento Capilar',150.00);
/*!40000 ALTER TABLE `servicios` ENABLE KEYS */;
UNLOCK TABLES;

--
-- Table structure for table `usuarios`
--

DROP TABLE IF EXISTS `usuarios`;
/*!40101 SET @saved_cs_client     = @@character_set_client */;
/*!50503 SET character_set_client = utf8mb4 */;
CREATE TABLE `usuarios` (
  `id` int NOT NULL AUTO_INCREMENT,
  `nombre` varchar(60) DEFAULT NULL,
  `apellido` varchar(60) DEFAULT NULL,
  `email` varchar(30) DEFAULT NULL,
  `password` varchar(60) DEFAULT NULL,
  `telefono` varchar(10) DEFAULT NULL,
  `admin` tinyint(1) DEFAULT NULL,
  `confirmado` tinyint(1) DEFAULT NULL,
  `token` varchar(15) DEFAULT NULL,
  PRIMARY KEY (`id`)
) ENGINE=InnoDB AUTO_INCREMENT=11 DEFAULT CHARSET=utf8mb3;
/*!40101 SET character_set_client = @saved_cs_client */;

--
-- Dumping data for table `usuarios`
--

LOCK TABLES `usuarios` WRITE;
/*!40000 ALTER TABLE `usuarios` DISABLE KEYS */;
INSERT INTO `usuarios` VALUES (5,'Francisco','Bonilla','admin@correo.com','$2y$10$7dAnO/U4bctq38NKP2jqJu1OjVm6uuBXS2CjNdNswfHRIIr.nAgpy','8115702350',1,1,''),(7,'Diego','Casta単eda','correo@correo.com','$2y$10$LNSUniXtRboNFK0yiEQNUOq2i/NwUIX419lJGcRWDSHs6SqBgJWQK','8115702350',0,1,''),(9,'correo','pruena','correo3@correo.com','$2y$10$4N4EFakbzKXzlbB2d0R29uVSCidGAemTPy9E50XJm8.9jAIvGNKxS','8115702350',0,0,'688d037f547f6 '),(10,'Ejemplo','Ejemplo','correo4@gmail.com','$2y$10$H0j86UCJFVqpHyGrHc9LY.P2JkNHxCnclGIvOAws56i8W8xWI3VGy','8132652508',0,0,'68f991d5dad1a ');
/*!40000 ALTER TABLE `usuarios` ENABLE KEYS */;
UNLOCK TABLES;
/*!40103 SET TIME_ZONE=@OLD_TIME_ZONE */;

/*!40101 SET SQL_MODE=@OLD_SQL_MODE */;
/*!40014 SET FOREIGN_KEY_CHECKS=@OLD_FOREIGN_KEY_CHECKS */;
/*!40014 SET UNIQUE_CHECKS=@OLD_UNIQUE_CHECKS */;
/*!40101 SET CHARACTER_SET_CLIENT=@OLD_CHARACTER_SET_CLIENT */;
/*!40101 SET CHARACTER_SET_RESULTS=@OLD_CHARACTER_SET_RESULTS */;
/*!40101 SET COLLATION_CONNECTION=@OLD_COLLATION_CONNECTION */;
/*!40111 SET SQL_NOTES=@OLD_SQL_NOTES */;

-- Dump completed on 2025-11-14 17:45:54
